hash,search_model,ncoeff,n_train,test_energy_mae_per_atom_eV,test_energy_rmse_per_atom_eV,fit_time_s,meets_all_criteria,error_from_fit,rcut,regularization,weight_energy,weight_force,bessel_polynomial_degree,inverse_polynomial_degree,two_body_radial,three_body_radial,three_body_angular,four_body_radial,four_body_angular,five_body_radial,five_body_angular,six_body_radial,six_body_angular,seven_body_radial,seven_body_angular,tblg_21.78_converged,tblg_21.78_fmax_initial,tblg_21.78_fmax_after,tblg_21.78_ab_separation,tblg_21.78_aa_separation,tblg_21.78_sep_min,tblg_21.78_sep_max,tblg_21.78_ab_in_target,tblg_21.78_aa_in_target,tblg_21.78_sep_min_in_target,tblg_21.78_sep_max_in_target,tblg_21.78_ab_lt_aa,tblg_21.78_separations_ok,tblg_21.78_error,tblg_9.43_converged,tblg_9.43_fmax_initial,tblg_9.43_fmax_after,tblg_9.43_ab_separation,tblg_9.43_aa_separation,tblg_9.43_sep_min,tblg_9.43_sep_max,tblg_9.43_ab_in_target,tblg_9.43_aa_in_target,tblg_9.43_sep_min_in_target,tblg_9.43_sep_max_in_target,tblg_9.43_ab_lt_aa,tblg_9.43_separations_ok,tblg_9.43_error
9c9c5a21f8638593,POD_energy,40,988,0.0006939743693208,0.0024500835543598,8.061945915222168,True,,6.0,1e-12,1000.0,0.0,8,12,11,4,4,2,2,0,0,0,0,0,0,True,0.0690623246106082,0.0009506816903598,3.468552972483927,3.490233305675161,3.4685529724838986,3.490233305675176,True,True,True,True,True,True,,True,0.0649390879055771,0.000989804631016,3.411235880977568,3.604009300001231,3.411235880977557,3.604009300001231,True,True,True,True,True,True,
7c14cfdb66839c0b,POD_energy,47,988,0.0004063277649016,0.000638786832185,13.863715648651125,True,,6.0,1e-12,1000.0,0.0,8,12,8,6,4,2,2,0,0,0,0,0,0,True,0.0650279379423602,0.0009652009267138,3.463062776484186,3.480597122071192,3.463062776484179,3.4805971220711958,True,True,True,True,True,True,,True,0.0626971433632933,0.000991275896777,3.238338252069738,3.913722075566337,3.2383382520697097,3.913722075566348,True,True,True,True,True,True,
ed7bb7096205c2bb,POD_energy,51,988,0.0004385197453364,0.0012035809882261,10.944377899169922,True,,6.0,1e-12,1000.0,0.0,8,12,12,6,4,2,2,0,0,0,0,0,0,True,0.0641446309197888,0.0009723443078914,3.4652679905670496,3.481061332954507,3.4652679905670354,3.481061332954525,True,True,True,True,True,True,,True,0.0626904692539895,0.0009975432725419,3.3462870577276256,3.702230455454007,3.346287057727615,3.702230455454014,True,True,True,True,True,True,
491cddd7e7035d4c,POD_energy,77,988,0.0002479632245152,0.0008044150442607,20.859037399291992,True,,6.0,1e-12,1000.0,0.0,8,12,12,8,6,2,2,0,0,0,0,0,0,True,0.0639436577540611,0.0009261307177688,3.479321203486748,3.495937549392174,3.479321203486748,3.495937549392174,True,True,True,True,True,True,,True,0.062731470107276,0.0008118634512655,3.4592686365700267,3.528830105497132,3.459268636570023,3.528830105497136,True,True,True,True,True,True,
ca9f229e2a516658,POD_energy,112,988,0.000163742382736,0.0003409992480777,52.105632066726685,True,,6.0,1e-12,1000.0,0.0,8,12,13,10,8,2,2,0,0,0,0,0,0,True,0.0577573270620114,0.0008591790185264,3.464231384124893,3.477422491417421,3.4642313841248864,3.4774224914174283,True,True,True,True,True,True,,True,0.0604435024176815,0.0009977793182412,3.433321135691457,3.545960994898646,3.433321135691457,3.5459609948986497,True,True,True,True,True,True,
ec10c096e920b90f,POD_energy,90,988,0.0002237360630874,0.0006085153015837,33.22316527366638,True,,6.0,1e-12,1000.0,0.0,8,12,9,8,8,2,2,0,0,0,0,0,0,True,0.0745235000496242,0.0009831111098543,3.458466124553905,3.478406013387985,3.458466124553901,3.478406013387996,True,True,True,True,True,True,,True,0.0631954062292703,0.0009779482387854,3.423749686720786,3.5447779739302376,3.4237496867207757,3.5447779739302447,True,True,True,True,True,True,
84586beb4ae62163,POD_energy,58,988,0.0003871711201881,0.0006449975046903,17.88011884689331,True,,6.0,1e-12,1000.0,0.0,8,12,7,6,6,2,2,0,0,0,0,0,0,True,0.0632062236573902,0.0009820025183728,3.462228891787344,3.4798749071874084,3.4622288917873405,3.4798749071874155,True,True,True,True,True,True,,True,0.0661251366331719,0.0009998793692102,3.246665525161344,3.968998215244415,3.246665525161333,3.9689982152444183,True,True,True,True,True,True,
ebf97b1333383b2c,POD_energy,72,988,0.0002436224915989,0.0004275007817508,14.102432012557983,True,,6.0,1e-12,1000.0,0.0,8,12,13,10,4,2,2,0,0,0,0,0,0,True,0.0657857417791993,0.0009543824292268,3.468717200895544,3.4822306741133677,3.468717200895526,3.482230674113381,True,True,True,True,True,True,,True,0.0637081082789996,0.0009829845630766,3.4487728537818647,3.5240837526945548,3.448772853781854,3.5240837526945725,True,True,True,True,True,True,
1825c0c7871fb62c,POD_energy,90,988,0.0002212354831076,0.0004816224231718,26.298972606658936,True,,6.0,1e-12,1000.0,0.0,8,12,11,10,6,2,2,0,0,0,0,0,0,True,0.0581568983566117,0.000880086884339,3.4462912989372114,3.460297346877706,3.4462912989372043,3.4602973468777094,True,True,True,True,True,True,,True,0.0642427753775018,0.0009971712126546,3.4239793608125666,3.521181676905975,3.4239793608125666,3.5211816769059823,True,True,True,True,True,True,
a88b795de148a014,POD_energy,91,988,0.000254787648276,0.0010950629491177,33.708269119262695,True,,6.0,1e-12,1000.0,0.0,8,12,10,8,8,2,2,0,0,0,0,0,0,True,0.0759234784724702,0.0008517919357298,3.462417216341013,3.4836130524383897,3.462417216340995,3.4836130524384004,True,True,True,True,True,True,,True,0.0626620589890916,0.0009935386870949,3.4273632855403733,3.548817611788881,3.4273632855403733,3.548817611788884,True,True,True,True,True,True,
f6635b3574335c29,POD_energy,93,988,0.0001983778402413,0.000561820245278,40.71890997886658,True,,6.0,1e-12,1000.0,0.0,8,12,12,8,8,2,2,0,0,0,0,0,0,True,0.0595705349871204,0.0009542574557643,3.4699094191272266,3.479727037451653,3.4699094191272195,3.47972703745166,True,True,True,True,True,True,,True,0.0605984174137598,0.0009945747508827,3.4507964730893086,3.527302900156343,3.450796473089298,3.52730290015635,True,True,True,True,True,True,
3a2086f1e87084ea,POD_energy,62,988,0.0004083437576008,0.0021122731309404,23.653234004974365,True,,6.0,1e-12,1000.0,0.0,8,12,11,6,6,2,2,0,0,0,0,0,0,True,0.0659015090974164,0.0008378081289405,3.465716831471962,3.484991215883856,3.465716831471944,3.484991215883859,True,True,True,True,True,True,,True,0.0662034244060985,0.0009869051713294,3.432145132158933,3.55649571827302,3.4321451321589223,3.556495718273027,True,True,True,True,True,True,
bc81fad9eea9631a,POD_energy,61,988,0.0003614922036506,0.000666352541354,17.316338062286377,True,,6.0,1e-12,1000.0,0.0,8,12,10,6,6,2,2,0,0,0,0,0,0,True,0.0655168899340009,0.0009944689126891,3.456299998833831,3.475301923269342,3.456299998833821,3.475301923269342,True,True,True,True,True,True,,True,0.0712760063326331,0.0009912971540944,3.3279854995851785,3.7515611272292766,3.327985499585175,3.7515611272292873,True,True,True,True,True,True,
bbbfb750465d07f4,POD_energy,39,988,0.0006936371409211,0.002451347677508,9.080095291137695,True,,6.0,1e-12,1000.0,0.0,8,12,10,4,4,2,2,0,0,0,0,0,0,True,0.069016454746467,0.0009568550351846,3.468452306088139,3.49008199623211,3.468452306088132,3.4900819962321137,True,True,True,True,True,True,,True,0.0649117690476828,0.0009724508543747,3.4101773040747467,3.6055644463401855,3.410177304074743,3.605564446340189,True,True,True,True,True,True,
205e5cec889a7865,POD_energy,69,988,0.0002968827530875,0.000555884352103,13.657855749130247,True,,6.0,1e-12,1000.0,0.0,8,12,10,10,4,2,2,0,0,0,0,0,0,True,0.0670230138737776,0.0009515451413299,3.462982280430449,3.481310161154177,3.4629822804304453,3.481310161154191,True,True,True,True,True,True,,True,0.0639339469906591,0.0009928098447817,3.438534049177129,3.5359988627433374,3.4385340491771217,3.535998862743348,True,True,True,True,True,True,
834f559676126784,POD_energy,61,988,0.0003651127415527,0.0013008368753621,13.4324369430542,True,,6.0,1e-12,1000.0,0.0,8,12,12,8,4,2,2,0,0,0,0,0,0,True,0.0725673195074235,0.0009460363019405,3.471502427679539,3.488509878416984,3.471502427679532,3.488509878416984,True,True,True,True,True,True,,True,0.067099218463828,0.0008189402459384,3.449369937637968,3.528118856431398,3.449369937637961,3.528118856431419,True,True,True,True,True,True,
59679b5fd55644ad,POD_energy,62,988,0.0003729156437553,0.0013928806553266,14.220543146133425,True,,6.0,1e-12,1000.0,0.0,8,12,13,8,4,2,2,0,0,0,0,0,0,True,0.0722126498938794,0.0008616522464115,3.472008509490258,3.48902505843218,3.4720085094902515,3.4890250584321905,True,True,True,True,True,True,,True,0.0675440270445501,0.0009764995531889,3.4485810365178047,3.529104465107704,3.448581036517801,3.5291044651077077,True,True,True,True,True,True,
d4ad7470defc5b0b,POD_energy,42,988,0.0005416274287284,0.0012145948223371,8.37734580039978,True,,6.0,1e-12,1000.0,0.0,8,12,13,4,4,2,2,0,0,0,0,0,0,True,0.0613926814659674,0.0009070279375868,3.494070210983189,3.509410344073963,3.4940702109831747,3.509410344073977,True,True,True,True,True,True,,True,0.0585140675745411,0.000854899269039,3.4571110457706773,3.579090049856525,3.4571110457706737,3.579090049856532,True,True,True,True,True,True,
133544f237992ddc,POD_energy,46,988,0.0003995303468348,0.0006261705271707,10.149310111999512,True,,6.0,1e-12,1000.0,0.0,8,12,7,6,4,2,2,0,0,0,0,0,0,True,0.0650303952652586,0.0009669971989492,3.4629189528779136,3.4809335860045074,3.4629189528778923,3.480933586004511,True,True,True,True,True,True,,True,0.0630627651997345,0.0009895504562323,3.2539835955151624,3.880419521157648,3.2539835955151446,3.880419521157648,True,True,True,True,True,True,
8eef7669ce4d2b23,POD_energy,89,988,0.0002295584242649,0.000496264313938,23.385841369628903,True,,6.0,1e-12,1000.0,0.0,8,12,10,10,6,2,2,0,0,0,0,0,0,True,0.0620868522075349,0.0008950331674629,3.440581922336268,3.457228465318231,3.440581922336257,3.457228465318245,True,True,True,True,True,True,,True,0.0655598123694634,0.0009888792368292,3.408869483470891,3.5285903568814767,3.4088694834708875,3.528590356881488,True,True,True,True,True,True,
862faa22a2f8e79d,POD_energy,76,988,0.0003432466741649,0.0018853959593007,20.59902572631836,True,,6.0,1e-12,1000.0,0.0,8,12,11,8,6,2,2,0,0,0,0,0,0,True,0.06518958506536,0.0009884893470381,3.4714601517485235,3.4934740739736974,3.4714601517485164,3.493474073973708,True,True,True,True,True,True,,True,0.0634353620652666,0.0009983523050006,3.446159436821759,3.546176493661168,3.446159436821759,3.5461764936611715,True,True,True,True,True,True,
a9ef3926cd702705,POD_energy,109,988,0.0002256498472987,0.0012074207993211,52.51464653015137,True,,6.0,1e-12,1000.0,0.0,8,12,10,10,8,2,2,0,0,0,0,0,0,True,0.0638886146826074,0.0009079956103064,3.4521437485089663,3.4717839215210877,3.452143748508959,3.4717839215210877,True,True,True,True,True,True,,True,0.0623470342658514,0.0009937088739924,3.398223091304281,3.577599608441684,3.398223091304274,3.5775996084416946,True,True,True,True,True,True,
b8df9a112d333327,POD_energy,78,988,0.0002507914867936,0.000821545872506,20.84595942497253,True,,6.0,1e-12,1000.0,0.0,8,12,13,8,6,2,2,0,0,0,0,0,0,True,0.0617053430177926,0.0008281833241434,3.480767663313685,3.496507323362401,3.480767663313671,3.4965073233624158,True,True,True,True,True,True,,True,0.0622534974836053,0.0007344042959159,3.461290512468146,3.5288330258783347,3.461290512468139,3.5288330258783347,True,True,True,True,True,True,
3b8ddcee420f9046,POD_energy,57,988,0.0003436153593201,0.0009066464123628,10.599047660827637,True,,6.0,1e-12,1000.0,0.0,8,12,8,8,4,2,2,0,0,0,0,0,0,True,0.0843820520618902,0.0009104473992706,3.4617074565342385,3.4838859793736567,3.4617074565342207,3.4838859793736745,True,True,True,True,True,True,,True,0.0821423238460971,0.0009800813139182,3.417444953352895,3.5609575068022004,3.4174449533528914,3.560957506802211,True,True,True,True,True,True,
2edfe4f7f82475b6,POD_energy,94,988,0.0001978705271226,0.0005652746860459,34.21689772605896,True,,6.0,1e-12,1000.0,0.0,8,12,13,8,8,2,2,0,0,0,0,0,0,True,0.0600096367425304,0.0009036143492163,3.469923044782817,3.479889379952393,3.469923044782803,3.479889379952404,True,True,True,True,True,True,,True,0.060565276422696,0.0009987432591872,3.4504389882365203,3.527395397466371,3.450438988236513,3.5273953974663854,True,True,True,True,True,True,
7d38cbf4307a3f2a,POD_energy,59,988,0.0003520192870452,0.0009720040417053,10.497215032577516,True,,6.0,1e-12,1000.0,0.0,8,12,10,8,4,2,2,0,0,0,0,0,0,True,0.0852617626026953,0.0008534448176396,3.461303469481248,3.483645495891565,3.46130346948123,3.483645495891565,True,True,True,True,True,True,,True,0.0827030658997215,0.0009865710909423,3.419107435571977,3.557151256277741,3.419107435571973,3.557151256277741,True,True,True,True,True,True,
538d05cee01de680,POD_energy,50,988,0.0004316129055786,0.0009502745423875,10.227121591567991,True,,6.0,1e-12,1000.0,0.0,8,12,11,6,4,2,2,0,0,0,0,0,0,True,0.0627834454306502,0.0009934025684717,3.4677790325253923,3.484753207827396,3.4677790325253923,3.48475320782741,True,True,True,True,True,True,,True,0.063019574846572,0.0008955916200998,3.381163117835076,3.6268601342290263,3.381163117835065,3.6268601342290263,True,True,True,True,True,True,
b17b22afb666496b,POD_energy,111,988,0.0001657766960751,0.0003511310429322,49.54810953140259,True,,6.0,1e-12,1000.0,0.0,8,12,12,10,8,2,2,0,0,0,0,0,0,True,0.0575397489458246,0.0009287616603127,3.464306027667853,3.47753855651883,3.464306027667845,3.47753855651883,True,True,True,True,True,True,,True,0.06059215433276,0.0009961071600248,3.432809453411661,3.5476533622432385,3.4328094534116573,3.5476533622432456,True,True,True,True,True,True,
65263ed4473d9c2d,POD_energy,74,988,0.0003174737551945,0.0010765397505467,19.22999262809753,True,,6.0,1e-12,1000.0,0.0,8,12,9,8,6,2,2,0,0,0,0,0,0,True,0.0667899800163583,0.0008495488303514,3.459150883010313,3.480490777056726,3.459150883010309,3.4804907770567297,True,True,True,True,True,True,,True,0.06555782865986,0.0009970275476997,3.4219420526084257,3.5484079916851528,3.421942052608422,3.54840799168516,True,True,True,True,True,True,
ee86f92c540b4cb5,POD_energy,52,988,0.0004288192580532,0.0010978152575332,10.042858362197876,True,,6.0,1e-12,1000.0,0.0,8,12,13,6,4,2,2,0,0,0,0,0,0,True,0.064434916999656,0.0008984968799775,3.467244451287346,3.482609402149741,3.4672444512873355,3.482609402149756,True,True,True,True,True,True,,True,0.0610303763208941,0.0009990235258977,3.3747099902407847,3.650250500809968,3.374709990240781,3.650250500809968,True,True,True,True,True,True,
5026092b91c32c38,POD_energy,92,988,0.0002664755041477,0.0013291035575922,32.6849524974823,True,,6.0,1e-12,1000.0,0.0,8,12,11,8,8,2,2,0,0,0,0,0,0,True,0.0648408362637629,0.0008978156290144,3.462646516252448,3.479147227155213,3.462646516252441,3.4791472271552166,True,True,True,True,True,True,,True,0.0607088222361131,0.0009998348864591,3.441162312674308,3.5311685084296656,3.441162312674301,3.5311685084296656,True,True,True,True,True,True,
74a7a43eb5569559,POD_energy,58,988,0.0003514538094323,0.0009677479642282,10.769200325012209,True,,6.0,1e-12,1000.0,0.0,8,12,9,8,4,2,2,0,0,0,0,0,0,True,0.0847015955212083,0.0009041285684,3.461534809412985,3.4837920057091445,3.461534809412967,3.483792005709155,True,True,True,True,True,True,,True,0.0823794788297573,0.0009810115749145,3.4196014710241585,3.557666766832792,3.419601471024152,3.557666766832803,True,True,True,True,True,True,
c0ec04cd4b7fd871,POD_energy,36,988,0.000871536314338,0.0039450996027478,6.546771049499512,True,,6.0,1e-12,1000.0,0.0,8,12,7,4,4,2,2,0,0,0,0,0,0,True,0.0748470651894739,0.0009528896421943,3.4590594113174227,3.47915686593182,3.459059411317419,3.47915686593182,True,True,True,True,True,True,,True,0.0678151082000875,0.0008346129462155,3.4270732461061293,3.546200137656726,3.4270732461061257,3.546200137656733,True,True,True,True,True,True,
d78247c289e4b930,POD_energy,60,988,0.0003615497433583,0.0012725663378652,13.683828115463257,True,,6.0,1e-12,1000.0,0.0,8,12,11,8,4,2,2,0,0,0,0,0,0,True,0.0760559108218898,0.0009431455881,3.4690483675271864,3.4906131570076795,3.4690483675271797,3.4906131570076866,True,True,True,True,True,True,,True,0.0785446679411396,0.0009929161382211,3.4436673920473027,3.542394215741961,3.4436673920473027,3.542394215741972,True,True,True,True,True,True,
c49c9434a247bff3,POD_energy,73,988,0.0003148675448641,0.0010327295190949,18.6832058429718,True,,6.0,1e-12,1000.0,0.0,8,12,8,8,6,2,2,0,0,0,0,0,0,True,0.0673024377755886,0.0009858855156599,3.459453416074457,3.480848574359399,3.459453416074453,3.480848574359406,True,True,True,True,True,True,,True,0.0657740090323221,0.0009940886783387,3.4226365956515146,3.54970170201225,3.422636595651511,3.549701702012257,True,True,True,True,True,True,
d27970a8cac5bb60,POD_energy,71,988,0.0002749548392702,0.0007862373825534,13.107858419418337,True,,6.0,1e-12,1000.0,0.0,8,12,12,10,4,2,2,0,0,0,0,0,0,True,0.0670796865239441,0.0009556432097173,3.4707773081230435,3.48449132113624,3.470777308123033,3.484491321136254,True,True,True,True,True,True,,True,0.0644907418575656,0.000956291988315,3.4518838905831366,3.526653734250964,3.451883890583133,3.526653734250985,True,True,True,True,True,True,
8afec7482317a92e,POD_energy,64,988,0.0003256799136918,0.0014849219551196,15.542828559875488,True,,6.0,1e-12,1000.0,0.0,8,12,13,6,6,2,2,0,0,0,0,0,0,True,0.0650398181257685,0.0009773179217051,3.4714974612711806,3.4870868277674667,3.47149746127117,3.4870868277674703,True,True,True,True,True,True,,True,0.0637794571899691,0.0009914712684207,3.4438374443532567,3.5519259233314315,3.4438374443532567,3.5519259233314315,True,True,True,True,True,True,
f6d83529af2ef576,POD_energy,37,988,0.000719814227395,0.0026823733613698,7.281198501586914,True,,6.0,1e-12,1000.0,0.0,8,12,8,4,4,2,2,0,0,0,0,0,0,True,0.0722057272181104,0.0009813598415683,3.468497687120717,3.49097923486012,3.4684976871207027,3.490979234860127,True,True,True,True,True,True,,True,0.0679541968278657,0.0009758991655307,3.4098940926224763,3.60463047790406,3.409894092622473,3.6046304779040663,True,True,True,True,True,True,
09be424f3733bf51,POD_energy,63,988,0.0003259481148911,0.0014854489938107,15.915295839309692,True,,6.0,1e-12,1000.0,0.0,8,12,12,6,6,2,2,0,0,0,0,0,0,True,0.0647877071663089,0.0009929992744142,3.471206067017853,3.4866919486545527,3.471206067017846,3.48669194865456,True,True,True,True,True,True,,True,0.063710166303021,0.0009927500409022,3.444955361242513,3.551259960480305,3.4449553612425063,3.551259960480309,True,True,True,True,True,True,
be43949e68b97e9d,POD_energy,89,988,0.0002241016415574,0.0006137172970296,33.093297243118286,True,,6.0,1e-12,1000.0,0.0,8,12,8,8,8,2,2,0,0,0,0,0,0,True,0.0745340099643925,0.0009724460055685,3.4586650635542604,3.478554754807142,3.4586650635542497,3.478554754807142,True,True,True,True,True,True,,True,0.0632155850275533,0.0009871036258108,3.423723082510268,3.5451552465019027,3.423723082510257,3.5451552465019063,True,True,True,True,True,True,
f6e1216edcdbff81,POD_energy,75,988,0.0003430193460959,0.0017595747043527,18.29091191291809,True,,6.0,1e-12,1000.0,0.0,8,12,10,8,6,2,2,0,0,0,0,0,0,True,0.0668125986164573,0.0009741255081518,3.469606959248768,3.48989385599317,3.469606959248757,3.4898938559931736,True,True,True,True,True,True,,True,0.0648602915212303,0.0009942539290792,3.4366434674963,3.552712400616109,3.436643467496296,3.552712400616116,True,True,True,True,True,True,
18b9b7ca0c0e52d8,POD_energy,49,988,0.0004415832736819,0.000849756367829,10.277569055557253,True,,6.0,1e-12,1000.0,0.0,8,12,10,6,4,2,2,0,0,0,0,0,0,True,0.0652287273878308,0.0009753124399149,3.462146426435826,3.4799677116613523,3.4621464264358224,3.4799677116613523,True,True,True,True,True,True,,True,0.0655053212677683,0.0009834623171684,3.288845440699504,3.804429722793767,3.2888454406994967,3.8044297227937705,True,True,True,True,True,True,
3bd78d7d1613bc64,POD_energy,110,988,0.0002057442333246,0.0008570352247232,51.48598527908325,True,,6.0,1e-12,1000.0,0.0,8,12,11,10,8,2,2,0,0,0,0,0,0,True,0.0576047071916036,0.0009869208271919,3.4556039524321456,3.471393516189835,3.455603952432128,3.471393516189856,True,True,True,True,True,True,,True,0.0621490884633819,0.0009920692173376,3.418483527461124,3.557164676384552,3.418483527461113,3.5571646763845663,True,True,True,True,True,True,
acf74468af39d71d,POD_energy,35,988,0.0008677936366651,0.0036163470282306,6.400262594223023,True,,6.0,1e-12,1000.0,0.0,8,12,6,4,4,2,2,0,0,0,0,0,0,True,0.0936821118492275,0.0008652059615823,3.4671960077862,3.4851139697838107,3.4671960077862,3.485113969783818,True,True,True,True,True,True,,True,0.0947404506284784,0.000942034456186,3.418185531267657,3.5741118971044514,3.418185531267653,3.5741118971044585,True,True,True,True,True,True,
8a1cb9898c77896b,POD_energy,38,988,0.0007017263287731,0.002469588932777,9.017951011657717,True,,6.0,1e-12,1000.0,0.0,8,12,9,4,4,2,2,0,0,0,0,0,0,True,0.0707126085721145,0.0009543445894872,3.46789897746336,3.489959390117616,3.467898977463342,3.489959390117626,True,True,True,True,True,True,,True,0.0661289580065124,0.0009320676773963,3.410163304765629,3.603927462478012,3.410163304765625,3.603927462478012,True,True,True,True,True,True,
1a169bb0d7242de5,POD_energy,91,988,0.0001940511703615,0.000396596946286,23.05717968940735,True,,6.0,1e-12,1000.0,0.0,8,12,12,10,6,2,2,0,0,0,0,0,0,True,0.057511355642617,0.0008800302249173,3.4577932047437976,3.4705725588120124,3.457793204743794,3.470572558812016,True,True,True,True,True,True,,True,0.0622112072783632,0.0009582604320363,3.4388054647636928,3.5126449146137126,3.438805464763682,3.512644914613716,True,True,True,True,True,True,
10eff7df476ac742,POD_energy,60,988,0.0003685372840687,0.0006371946661926,15.86534857749939,True,,6.0,1e-12,1000.0,0.0,8,12,9,6,6,2,2,0,0,0,0,0,0,True,0.0646133041572488,0.0009341473329479,3.45151912153214,3.469938102458979,3.4515191215321157,3.4699381024589897,True,True,True,True,True,True,,True,0.0717391818141501,0.0009969045851024,3.306359851699515,3.7939899014146254,3.3063598516995114,3.7939899014146334,True,True,True,True,True,True,
c522d49a085c21d6,POD_energy,92,988,0.0001959605214042,0.0003973247812448,21.988926887512207,True,,6.0,1e-12,1000.0,0.0,8,12,13,10,6,2,2,0,0,0,0,0,0,True,0.0576966194077639,0.0008819579962837,3.458006399163523,3.4708494592420926,3.458006399163523,3.470849459242096,True,True,True,True,True,True,,True,0.062419705935274,0.0009610758720451,3.438741157200404,3.513638878569729,3.438741157200397,3.513638878569729,True,True,True,True,True,True,
2e61082622650601,POD_energy,57,988,0.0004992830419755,0.0010904377003904,15.71427297592163,True,,6.0,1e-12,1000.0,0.0,8,12,6,6,6,2,2,0,0,0,0,0,0,True,0.0561185049088835,0.000940404270296,3.4578367670697965,3.473489595981522,3.457836767069786,3.473489595981526,True,True,True,True,True,True,,True,0.0539998926523612,0.0009867454084955,3.3316996642723105,3.741126159450108,3.3316996642722927,3.7411261594501113,True,True,True,True,True,True,
5398842783a6b2b8,POD_energy,41,988,0.0006531573550375,0.0022171050494484,7.428024530410767,True,,6.0,1e-12,1000.0,0.0,8,12,12,4,4,2,2,0,0,0,0,0,0,True,0.067641829180937,0.000900769439641,3.4806466223481287,3.497145116258551,3.480646622348104,3.497145116258565,True,True,True,True,True,True,,True,0.0656718428813964,0.0007950705663518,3.432536061404935,3.5940645859599627,3.432536061404932,3.59406458595997,True,True,True,True,True,True,
dfed7cfed76d5e03,POD_energy,70,988,0.0003145428456274,0.0008922965855624,14.606268882751465,True,,6.0,1e-12,1000.0,0.0,8,12,11,10,4,2,2,0,0,0,0,0,0,True,0.0633924747398072,0.0009925187095685,3.4724755838153314,3.487701645965469,3.4724755838153314,3.48770164596548,True,True,True,True,True,True,,True,0.0640744819998982,0.0009968422555151,3.451768846650392,3.537967584470774,3.4517688466503884,3.5379675844707776,True,True,True,True,True,True,
a0f11bc934ca52ce,POD_energy,45,988,0.0005015417514574,0.0008043439539713,9.443605661392212,True,,6.0,1e-12,1000.0,0.0,8,12,6,6,4,2,2,0,0,0,0,0,0,True,0.0650502955136687,0.00096358512625,3.4635716105388425,3.4803656532037266,3.4635716105388283,3.4803656532037337,True,True,True,True,True,True,,True,0.0572417751352952,0.0009985788784303,3.363219949596239,3.673074017424273,3.3632199495962283,3.673074017424277,True,True,True,True,True,True,
c15be5453709b923,POD_energy,48,988,0.0004394545986009,0.0008398696261011,9.855913639068604,True,,6.0,1e-12,1000.0,0.0,8,12,9,6,4,2,2,0,0,0,0,0,0,True,0.0652969441820664,0.0009594851418026,3.4624176148596177,3.4801951981186185,3.4624176148596035,3.480195198118622,True,True,True,True,True,True,,True,0.0653912945468077,0.0009884983041993,3.286346123040623,3.812216754262821,3.286346123040623,3.8122167542628342,True,True,True,True,True,True,
9081b85f836d43f0,POD_energy,59,988,0.0003925002286273,0.0006855077805183,15.366137742996216,True,,6.0,1e-12,1000.0,0.0,8,12,8,6,6,2,2,0,0,0,0,0,0,True,0.0631314777918686,0.0009273612785017,3.46233787256444,3.4801832564032225,3.4623378725644187,3.480183256403244,True,True,True,True,True,True,,True,0.0670350971814932,0.0009930565903866,3.2469289746637067,3.967956632551573,3.246928974663703,3.967956632551598,True,True,True,True,True,True,
8bba0bbcbbfccbcc,POD_energy,40,1061,0.0017680476210302,0.0165465570953363,14.142395734786987,False,,7.0,1e-12,1000.0,0.0,8,12,11,4,4,2,2,0,0,0,0,0,0,True,0.0553692933906689,0.000913012606263,3.470429068251605,3.480864973156798,3.470429068251605,3.4808649731568124,True,True,True,True,True,True,,True,0.0616331111674535,0.0009555591849893,2.778031762407341,4.334856314925727,2.7780317624073305,4.33485631492573,False,False,False,False,True,False,
43c488229022b560,POD_energy,47,1061,0.0009271779812651,0.0041856769074225,14.087018728256226,False,,7.0,1e-12,1000.0,0.0,8,12,8,6,4,2,2,0,0,0,0,0,0,True,0.0603805757752831,0.0008537431901098,3.4764661477629915,3.489093287081772,3.4764661477629843,3.489093287081793,True,True,True,True,True,True,,True,0.0656462854640737,0.0009727217669905,2.695840198542776,4.29908760188458,2.695840198542236,4.29908760188458,False,False,False,False,True,False,
1efe6d517ffa4d93,POD_energy,51,1061,0.0011904664090154,0.0101608701023699,18.59577465057373,True,,7.0,1e-12,1000.0,0.0,8,12,12,6,4,2,2,0,0,0,0,0,0,True,0.0574353243218879,0.0009721112853929,3.452696223562551,3.4696755423929915,3.4526962235625405,3.4696755423929915,True,True,True,True,True,True,,True,0.0621887128976766,0.0009995261014056,3.4265900252055843,3.526317876139622,3.4265900252055843,3.526317876139622,True,True,True,True,True,True,
b6c72aa6d31848d0,POD_energy,77,1061,0.0003883486970611,0.0019049465897829,30.22353291511536,True,,7.0,1e-12,1000.0,0.0,8,12,12,8,6,2,2,0,0,0,0,0,0,True,0.0524975170773467,0.0009263535345014,3.4583804347489284,3.4729532429585888,3.4583804347489178,3.4729532429585888,True,True,True,True,True,True,,True,0.0599463605315884,0.0009939428222867,3.4404625111046307,3.520955191830179,3.440462511104627,3.5209551918301827,True,True,True,True,True,True,
4b88a52de74d5df4,POD_energy,112,1061,0.0004154313421343,0.0036016552813291,75.94818711280823,True,,7.0,1e-12,1000.0,0.0,8,12,13,10,8,2,2,0,0,0,0,0,0,True,0.0536122884211046,0.0009667959853424,3.463421723664659,3.4683423691870416,3.463421723664652,3.4683423691870487,True,True,True,True,True,True,,True,0.0536927333193159,0.0009991098471546,3.4444716479201567,3.516495187670884,3.444471647920146,3.516495187670891,True,True,True,True,True,True,
bd8ab753106c4d8e,POD_energy,90,1061,0.0002685036896394,0.0006633315169811,51.99550342559815,True,,7.0,1e-12,1000.0,0.0,8,12,9,8,8,2,2,0,0,0,0,0,0,True,0.0531699608918633,0.0008721447287148,3.4611392946037363,3.4714732431213875,3.4611392946037327,3.4714732431213946,True,True,True,True,True,True,,True,0.0596163329443715,0.0009932918641636,3.4433386031581144,3.518932719468687,3.443338603158111,3.518932719468694,True,True,True,True,True,True,
931c1b5c6e5189bd,POD_energy,58,1061,0.0007517767251447,0.0038472442636916,25.0123872756958,True,,7.0,1e-12,1000.0,0.0,8,12,7,6,6,2,2,0,0,0,0,0,0,True,0.0437536815416566,0.0008990129390471,3.463902889613649,3.473321883887351,3.4639028896136423,3.473321883887351,True,True,True,True,True,True,,True,0.0543349984928706,0.0009965179147972,3.42738691779763,3.544658227097319,3.4273869177976266,3.5446582270973224,True,True,True,True,True,True,
3c581e81d4fbba9e,POD_energy,72,1061,0.0003984512593125,0.0014448953700685,22.319599151611328,True,,7.0,1e-12,1000.0,0.0,8,12,13,10,4,2,2,0,0,0,0,0,0,True,0.0563043586212277,0.0009008990780317,3.467314479584981,3.473105760370945,3.467314479584978,3.4731057603709488,True,True,True,True,True,True,,True,0.0758004513815093,0.0009964935379228,3.443348880333165,3.519565670918464,3.4433488803331613,3.5195656709184675,True,True,True,True,True,True,
2364379d3dc3a254,POD_energy,90,1061,0.0010186954552912,0.0122303112806822,32.46874666213989,True,,7.0,1e-12,1000.0,0.0,8,12,11,10,6,2,2,0,0,0,0,0,0,True,0.0381705919686591,0.0009806508773491,3.4624865781291554,3.4664162129362843,3.4624865781291447,3.466416212936288,True,True,True,True,True,True,,True,0.0513932025061106,0.0009546683909846,3.448969604090923,3.492630788535237,3.4489696040909195,3.4926307885352443,True,True,True,True,True,True,
f80bad462e29603b,POD_energy,91,1061,0.0002771963230467,0.0007362839289697,46.94096565246582,True,,7.0,1e-12,1000.0,0.0,8,12,10,8,8,2,2,0,0,0,0,0,0,True,0.0530592192208247,0.0008810710333372,3.4615080883645213,3.471713700647172,3.4615080883645177,3.471713700647172,True,True,True,True,True,True,,True,0.0596569254543568,0.0009971064479763,3.4438930642895365,3.51887416774018,3.443893064289533,3.51887416774018,True,True,True,True,True,True,
361ab3cb3536a1c8,POD_energy,93,1061,0.0007366227493029,0.0086971872499282,47.81713080406189,True,,7.0,1e-12,1000.0,0.0,8,12,12,8,8,2,2,0,0,0,0,0,0,True,0.0483186288738397,0.0009314172798493,3.468081618122241,3.476955678603449,3.468081618122227,3.476955678603453,True,True,True,True,True,True,,True,0.0561357439378965,0.0009886879653989,3.4469922073726598,3.5326836074075665,3.446992207372645,3.532683607407584,True,True,True,True,True,True,
53a220664571e803,POD_energy,62,1061,0.0006266516970321,0.0029324584070157,22.32312250137329,True,,7.0,1e-12,1000.0,0.0,8,12,11,6,6,2,2,0,0,0,0,0,0,True,0.0512131601592493,0.000989499925482,3.4745424979570387,3.486688526723121,3.474542497957032,3.486688526723128,True,True,True,True,True,True,,True,0.0573998611338727,0.0009999888767251,3.4480788160319342,3.533630367745417,3.4480788160319307,3.533630367745424,True,True,True,True,True,True,
0b48d1fbf4e2730c,POD_energy,61,1061,0.0005859139030917,0.0025815240038637,21.72807192802429,True,,7.0,1e-12,1000.0,0.0,8,12,10,6,6,2,2,0,0,0,0,0,0,True,0.0507866657128473,0.0009517066765026,3.472580570287221,3.485603087952203,3.4725805702871995,3.485603087952221,True,True,True,True,True,True,,True,0.0573979383666596,0.0009986022720213,3.4480233653817507,3.5284049475721275,3.448023365381744,3.5284049475721275,True,True,True,True,True,True,
6116d0d9704fb1a1,POD_energy,39,1061,0.0016851869724,0.0149179435780316,12.762349128723145,False,,7.0,1e-12,1000.0,0.0,8,12,10,4,4,2,2,0,0,0,0,0,0,True,0.0529740565263152,0.0008946579704651,3.4751456981341957,3.4837704103681126,3.4751456981341846,3.483770410368116,True,True,True,True,True,True,,True,0.0601292283988539,0.0009921094014465,2.966227475685088,4.078681165575208,2.966227475685073,4.078681165575212,False,False,False,False,True,False,
428d57e8d90d82e7,POD_energy,69,1061,0.0012687799153563,0.0139714726155884,18.81044578552246,True,,7.0,1e-12,1000.0,0.0,8,12,10,10,4,2,2,0,0,0,0,0,0,True,0.0696017077603017,0.0009734345093155,3.452201642179453,3.455217356635167,3.452201642179439,3.455217356635174,True,True,True,True,True,True,,True,0.0904657073172309,0.0009283547220143,3.435311831850268,3.4845949067877555,3.435311831850264,3.484594906787762,True,True,True,True,True,True,
8bb97b2162397248,POD_energy,61,1061,0.0007596961915807,0.0060233117836224,16.61913251876831,True,,7.0,1e-12,1000.0,0.0,8,12,12,8,4,2,2,0,0,0,0,0,0,True,0.0532280323882449,0.0009388854658331,3.4577223726514887,3.469151430571415,3.4577223726514674,3.4691514305714364,True,True,True,True,True,True,,True,0.0617410526488795,0.0009984204795472,3.440637711564566,3.517543696670586,3.4406377115645626,3.517543696670586,True,True,True,True,True,True,
a1fd07802634f533,POD_energy,62,1061,0.0005429912385164,0.00272708231734,16.9782395362854,True,,7.0,1e-12,1000.0,0.0,8,12,13,8,4,2,2,0,0,0,0,0,0,True,0.0527661199777467,0.0008236267174065,3.4648157123440377,3.477791934594805,3.464815712344034,3.477791934594812,True,True,True,True,True,True,,True,0.0605343016052722,0.0009873125665563,3.4427057026467907,3.527638771741124,3.4427057026467835,3.527638771741124,True,True,True,True,True,True,
6e0382b6ca1a27f9,POD_energy,42,1061,0.0022615480754522,0.0253233746598479,14.312881231307983,True,,7.0,1e-12,1000.0,0.0,8,12,13,4,4,2,2,0,0,0,0,0,0,True,0.0660400279847204,0.0009585738523691,3.46044679147262,3.4782795028231384,3.460446791472606,3.478279502823149,True,True,True,True,True,True,,True,0.0711247168873451,0.0009958491339949,3.351364052141669,3.685291270669069,3.351364052141669,3.685291270669069,True,True,True,True,True,True,
652f28f769cc26dd,POD_energy,46,1061,0.0007319530737253,0.0013905571941379,14.864297151565552,False,,7.0,1e-12,1000.0,0.0,8,12,7,6,4,2,2,0,0,0,0,0,0,True,0.06830235304883,0.0009883047394148,3.465542368095555,3.4794828116432197,3.465542368095541,3.47948281164323,True,True,True,True,True,True,,True,0.0761561843857766,0.0009888712628642,2.621096836449457,5.277425083833009,2.621096836449432,5.277425083833016,False,False,False,False,True,False,
b9314f56bf33f5d1,POD_energy,89,1061,0.0012115780781904,0.0153890539656281,30.731491565704346,True,,7.0,1e-12,1000.0,0.0,8,12,10,10,6,2,2,0,0,0,0,0,0,True,0.0384859284864888,0.0009094178193832,3.464251328958614,3.468105334642864,3.4642513289586034,3.4681053346428783,True,True,True,True,True,True,,True,0.0514805715577455,0.0008730227658734,3.4495279606936258,3.495516604963342,3.449527960693622,3.495516604963349,True,True,True,True,True,True,
9b619b6f0a1fc0d8,POD_energy,76,1061,0.0003260494236006,0.001104884138901,27.65717458724976,True,,7.0,1e-12,1000.0,0.0,8,12,11,8,6,2,2,0,0,0,0,0,0,True,0.0506044155929161,0.0009106127703365,3.457272220861352,3.4698290301701533,3.4572722208613484,3.4698290301701675,True,True,True,True,True,True,,True,0.0602124823776568,0.0009247465401447,3.439813003364687,3.503407555100779,3.439813003364684,3.503407555100786,True,True,True,True,True,True,
609d345d8eafbcb8,POD_energy,109,1061,0.0008925143582893,0.0111591152205687,74.32643866539001,True,,7.0,1e-12,1000.0,0.0,8,12,10,10,8,2,2,0,0,0,0,0,0,True,0.0460583367699084,0.0009969596329533,3.4655216870243954,3.470536827696261,3.465521687024392,3.4705368276962645,True,True,True,True,True,True,,True,0.0528449567305473,0.0009957776771438,3.4466008187051926,3.513322140673516,3.446600818705185,3.513322140673523,True,True,True,True,True,True,
8fd7a5084f8fab61,POD_energy,78,1061,0.0003700491078989,0.0016746113324058,53.28099036216736,True,,7.0,1e-12,1000.0,0.0,8,12,13,8,6,2,2,0,0,0,0,0,0,True,0.0529033834162162,0.0009520574033083,3.4586294325439475,3.4734971174690834,3.458629432543937,3.473497117469101,True,True,True,True,True,True,,True,0.0599372076150916,0.0009930033533904,3.440351201479775,3.5216633834894644,3.440351201479764,3.521663383489468,True,True,True,True,True,True,
750c9ea6090c10ca,POD_energy,57,1061,0.0011698324223286,0.0110348707488604,17.19571304321289,True,,7.0,1e-12,1000.0,0.0,8,12,8,8,4,2,2,0,0,0,0,0,0,True,0.0518561750492234,0.0008844909222902,3.468257928834813,3.4756850416178864,3.4682579288347952,3.475685041617893,True,True,True,True,True,True,,True,0.0645534959253182,0.0009932978177331,3.436733397803572,3.528040754581699,3.436733397803572,3.5280407545817027,True,True,True,True,True,True,
2e65f38c4ee83f7e,POD_energy,94,1061,0.0007141429001755,0.0082692924264319,47.30095529556274,True,,7.0,1e-12,1000.0,0.0,8,12,13,8,8,2,2,0,0,0,0,0,0,True,0.0481753913437609,0.0009361867644605,3.46631927280842,3.47511824223886,3.46631927280842,3.475118242238871,True,True,True,True,True,True,,True,0.0561835247571023,0.0009996978845947,3.4456019213627087,3.5309248547883776,3.4456019213627087,3.530924854788381,True,True,True,True,True,True,
a3d569405426bd00,POD_energy,59,1061,0.0012545353595286,0.012100816423315,23.07822346687317,True,,7.0,1e-12,1000.0,0.0,8,12,10,8,4,2,2,0,0,0,0,0,0,True,0.0529225416986229,0.000923419021408,3.466866583294749,3.4750890120560243,3.4668665832947454,3.4750890120560243,True,True,True,True,True,True,,True,0.064522238919279,0.0009811284111811,3.439303177710446,3.522293982217093,3.4393031777104426,3.522293982217107,True,True,True,True,True,True,
316de1bef36f5dbf,POD_energy,50,1061,0.0010819149751675,0.0064950391817894,13.949778318405151,True,,7.0,1e-12,1000.0,0.0,8,12,11,6,4,2,2,0,0,0,0,0,0,True,0.0674230700671987,0.0008938059284303,3.457420871267278,3.4743059710898194,3.4574208712672743,3.4743059710898194,True,True,True,True,True,True,,True,0.0747686124101302,0.000985809762452,3.4206570851619347,3.5356747795136343,3.4206570851619347,3.5356747795136414,True,True,True,True,True,True,
a982e91a886e987a,POD_energy,111,1061,0.0002077295078912,0.0007527384630009,76.22472810745239,True,,7.0,1e-12,1000.0,0.0,8,12,12,10,8,2,2,0,0,0,0,0,0,True,0.0542402444199868,0.0009776756801885,3.466375205049413,3.471010764737926,3.4663752050493954,3.47101076473794,True,True,True,True,True,True,,True,0.0530233686753762,0.0009921221190403,3.4469391846479844,3.518407972965786,3.4469391846479738,3.5184079729657896,True,True,True,True,True,True,
b72155a6ec601f35,POD_energy,74,1061,0.0006495944431718,0.0055291431217676,27.391612768173218,True,,7.0,1e-12,1000.0,0.0,8,12,9,8,6,2,2,0,0,0,0,0,0,True,0.0493777476078503,0.0008715040898698,3.458757748527926,3.470945079783906,3.4587577485279155,3.4709450797839168,True,True,True,True,True,True,,True,0.0602061258096291,0.0009964356613847,3.4384733459470525,3.512119465385556,3.4384733459470525,3.51211946538556,True,True,True,True,True,True,
1e8d5e6838bf04e0,POD_energy,52,1061,0.0012264666645232,0.0104294779227632,15.525068759918211,True,,7.0,1e-12,1000.0,0.0,8,12,13,6,4,2,2,0,0,0,0,0,0,True,0.0554332585642847,0.0008765717989342,3.4564529624627878,3.4736516552873877,3.4564529624627767,3.473651655287405,True,True,True,True,True,True,,True,0.0611521392340639,0.0009927139543077,3.429792786233232,3.5270175720408687,3.4297927862332216,3.5270175720408687,True,True,True,True,True,True,
b9fb9c1d2b81ed76,POD_energy,92,1061,0.0005685282535138,0.0051927570250478,49.48243308067322,True,,7.0,1e-12,1000.0,0.0,8,12,11,8,8,2,2,0,0,0,0,0,0,True,0.0522991926542981,0.0008965361051342,3.460864699213378,3.4703460319622934,3.4608646992133743,3.4703460319623005,True,True,True,True,True,True,,True,0.0590641451342661,0.0009819026882731,3.444610313371914,3.51255054163806,3.4446103133719106,3.5125505416380705,True,True,True,True,True,True,
dcac6258490dc4cb,POD_energy,58,1061,0.0012366823353599,0.0119006082023384,15.23387360572815,True,,7.0,1e-12,1000.0,0.0,8,12,9,8,4,2,2,0,0,0,0,0,0,True,0.0522190333436833,0.0008425125803119,3.4676913187442047,3.475515813879856,3.467691318744194,3.4755158138798663,True,True,True,True,True,True,,True,0.0644001956202167,0.0009928335629743,3.4410064232759474,3.5209873015625206,3.441006423275944,3.520987301562528,True,True,True,True,True,True,
0dfd275f460c3756,POD_energy,36,1061,0.0010903572544199,0.0024565874481107,11.321025609970093,True,,7.0,1e-12,1000.0,0.0,8,12,7,4,4,2,2,0,0,0,0,0,0,True,0.0510053077345016,0.0008926309582306,3.473518435477331,3.485874656351541,3.4735184354773168,3.4858746563515552,True,True,True,True,True,True,,True,0.0626715172463687,0.0009995605220654,3.2833656326888025,3.758197963795024,3.283365632688799,3.758197963795034,True,True,True,True,True,True,
6ed59ecf1d9bfa61,POD_energy,60,1061,0.0008871702239791,0.006652795624262,14.2398419380188,True,,7.0,1e-12,1000.0,0.0,8,12,11,8,4,2,2,0,0,0,0,0,0,True,0.0495207345792727,0.0008715618617273,3.462328090761765,3.4700754946907715,3.4623280907617584,3.470075494690775,True,True,True,True,True,True,,True,0.0618318448253809,0.0009578957824758,3.4434097053779205,3.503968699614198,3.44340970537791,3.503968699614198,True,True,True,True,True,True,
0ee0f82d65e8eaa4,POD_energy,73,1061,0.000581165768026,0.0044664758966197,30.25836491584778,True,,7.0,1e-12,1000.0,0.0,8,12,8,8,6,2,2,0,0,0,0,0,0,True,0.0486317515192487,0.0009444956299825,3.4586400569914098,3.470393379022582,3.458640056991399,3.470393379022582,True,True,True,True,True,True,,True,0.0602594804296723,0.0009956936188202,3.439889514634732,3.5147301045461,3.4398895146347286,3.5147301045461035,True,True,True,True,True,True,
e2d7d014d45ef04d,POD_energy,71,1061,0.0008694421448994,0.0081714953148817,21.22332501411438,True,,7.0,1e-12,1000.0,0.0,8,12,12,10,4,2,2,0,0,0,0,0,0,True,0.0591410087860235,0.0009561288503413,3.450329205939393,3.4564735831614897,3.45032920593939,3.4564735831614968,True,True,True,True,True,True,,True,0.079105009565006,0.0008622837310422,3.435977362747739,3.490327047820813,3.4359773627477352,3.490327047820827,True,True,True,True,True,True,
761f3be3020d57e2,POD_energy,64,1061,0.0005172691761485,0.0029950695486704,23.79842519760132,True,,7.0,1e-12,1000.0,0.0,8,12,13,6,6,2,2,0,0,0,0,0,0,True,0.04868437371508,0.0009243514352529,3.4635560790288906,3.476735185754521,3.4635560790288835,3.476735185754535,True,True,True,True,True,True,,True,0.0555549698936134,0.0009955561653761,3.447052710875159,3.524964448553277,3.4470527108751554,3.524964448553284,True,True,True,True,True,True,
08e4a5f84619d71d,POD_energy,37,1061,0.0011290555840112,0.0033021031324717,12.039324045181274,False,,7.0,1e-12,1000.0,0.0,8,12,8,4,4,2,2,0,0,0,0,0,0,True,0.0462790690829552,0.0009176242908665,3.486073787435071,3.495978902274796,3.4860737874350605,3.495978902274821,True,True,True,True,True,True,,True,0.0599479737940803,0.0009613200866712,2.557203058082706,4.201461805680786,2.5572030580825498,4.201461805680793,False,False,False,False,True,False,
7edc5de36b26db82,POD_energy,63,1061,0.000574087527983,0.0035032930988726,36.12913346290589,True,,7.0,1e-12,1000.0,0.0,8,12,12,6,6,2,2,0,0,0,0,0,0,True,0.0486638649729964,0.0009215305887123,3.470387781532782,3.485011601385533,3.4703877815327715,3.485011601385551,True,True,True,True,True,True,,True,0.0525921948938696,0.0009991401943888,3.441701997086561,3.542815596650822,3.441701997086547,3.5428155966508257,True,True,True,True,True,True,
b8ed00bf9898abd3,POD_energy,89,1061,0.0003462858785205,0.0016090416209623,49.4217312335968,True,,7.0,1e-12,1000.0,0.0,8,12,8,8,8,2,2,0,0,0,0,0,0,True,0.0529102490634396,0.000867735459403,3.458303283104808,3.4691456996262424,3.458303283104783,3.46914569962626,True,True,True,True,True,True,,True,0.0592767654884009,0.0009956129573893,3.4410861736622635,3.51702416049595,3.4410861736622493,3.517024160495957,True,True,True,True,True,True,
1eb1d6b110fae411,POD_energy,75,1061,0.0006260067182937,0.0051608881637896,28.284516096115112,True,,7.0,1e-12,1000.0,0.0,8,12,10,8,6,2,2,0,0,0,0,0,0,True,0.0494856286664935,0.0008877762509562,3.4596393864775514,3.471741109656317,3.4596393864775337,3.471741109656328,True,True,True,True,True,True,,True,0.0602296265912256,0.000975383935053,3.439438339239185,3.512512790971609,3.4394383392391816,3.5125127909716127,True,True,True,True,True,True,
c34fe09672a839e6,POD_energy,49,1061,0.0010557322275302,0.0062003006527853,14.256123304367064,True,,7.0,1e-12,1000.0,0.0,8,12,10,6,4,2,2,0,0,0,0,0,0,True,0.0708810030512059,0.0009093211732926,3.456860555894856,3.474611620549151,3.456860555894842,3.474611620549169,True,True,True,True,True,True,,True,0.0793124207071161,0.0009964378613517,3.3937662866326903,3.566132001470393,3.393766286632683,3.5661320014704003,True,True,True,True,True,True,
c8576308f1e5eb99,POD_energy,110,1061,0.0006681818528481,0.0075260013963812,75.33690118789673,True,,7.0,1e-12,1000.0,0.0,8,12,11,10,8,2,2,0,0,0,0,0,0,True,0.0484598998489079,0.0009161417804867,3.465158274161695,3.4705136517074813,3.465158274161688,3.470513651707499,True,True,True,True,True,True,,True,0.0521826401865712,0.0009935144873068,3.447920669798453,3.5109611718213785,3.4479206697984424,3.5109611718213856,True,True,True,True,True,True,
9c8e0eade91abce6,POD_energy,35,1061,0.0017737539470824,0.0091498009343144,10.968142747879028,True,,7.0,1e-12,1000.0,0.0,8,12,6,4,4,2,2,0,0,0,0,0,0,True,0.0559457667596191,0.0008327278920283,3.4464946655844457,3.464703582784125,3.4464946655844386,3.464703582784132,True,True,True,True,True,True,,True,0.0656102548897141,0.0009894893764497,3.339324114505196,3.689518583319231,3.339324114505196,3.6895185833192334,True,True,True,True,True,True,
458dacbba4363668,POD_energy,38,1061,0.0013278484273621,0.0069933238605949,11.706727981567385,True,,7.0,1e-12,1000.0,0.0,8,12,9,4,4,2,2,0,0,0,0,0,0,True,0.0484254949946153,0.0009456849977051,3.475764702739106,3.48635633388108,3.475764702739106,3.4863563338810977,True,True,True,True,True,True,,True,0.0586765071013061,0.0009812673612025,3.228406116745507,3.709209646792544,3.228406116745454,3.709209646792559,True,True,True,True,True,True,
0a2b41e0c2b374d1,POD_energy,91,1061,0.0004562579276789,0.0034867465431991,32.67982792854309,True,,7.0,1e-12,1000.0,0.0,8,12,12,10,6,2,2,0,0,0,0,0,0,True,0.0498593981043375,0.0008912271092813,3.465695351909414,3.469287290785914,3.4656953519094102,3.469287290785921,True,True,True,True,True,True,,True,0.0528338091027138,0.0009727810649541,3.449229571631893,3.5100784258307804,3.4492295716318893,3.510078425830784,True,True,True,True,True,True,
a889cb30e2ac8440,POD_energy,60,1061,0.0008249059656068,0.0053594750461178,21.743266820907596,True,,7.0,1e-12,1000.0,0.0,8,12,9,6,6,2,2,0,0,0,0,0,0,True,0.0491130113752964,0.0008500711693152,3.46844385695071,3.4807830208291755,3.4684438569507066,3.480783020829193,True,True,True,True,True,True,,True,0.0568473854589985,0.0009960610553156,3.4448804915124462,3.5247944229306505,3.4448804915124427,3.524794422930654,True,True,True,True,True,True,
dae01e67d9cb1021,POD_energy,92,1061,0.0002581809349265,0.0012212455267594,33.0910325050354,True,,7.0,1e-12,1000.0,0.0,8,12,13,10,6,2,2,0,0,0,0,0,0,True,0.0489161606121003,0.0009206054763764,3.468464962780065,3.4730980150726936,3.468464962780061,3.473098015072708,True,True,True,True,True,True,,True,0.0532220029306281,0.0009983598574072,3.450045296700772,3.517665606345904,3.4500452967007647,3.517665606345922,True,True,True,True,True,True,
19e00b66eb633238,POD_energy,57,1061,0.0007754274454287,0.004252385230825,24.024322032928467,True,,7.0,1e-12,1000.0,0.0,8,12,6,6,6,2,2,0,0,0,0,0,0,True,0.0437297480639776,0.0009710396571021,3.4646908197078474,3.474080403901638,3.4646908197078403,3.4740804039016595,True,True,True,True,True,True,,True,0.0545061393625507,0.0009865210348428,3.419031990726268,3.558152684377891,3.419031990726268,3.5581526843778946,True,True,True,True,True,True,
254f41391da7690d,POD_energy,41,1061,0.0023309965864537,0.0267599181159119,11.959476709365845,False,,7.0,1e-12,1000.0,0.0,8,12,12,4,4,2,2,0,0,0,0,0,0,True,0.0657606998274589,0.0009379056185759,3.453345957316582,3.468963964329909,3.4533459573165644,3.468963964329916,True,True,True,True,True,True,,True,0.0702523098826495,0.0009934027358585,3.1200338177288707,4.024698649173718,3.120033817728853,4.024698649173729,True,False,True,False,True,False,
7143e7d9923de00a,POD_energy,70,1061,0.001101762449508,0.0116514820957151,20.938984870910645,True,,7.0,1e-12,1000.0,0.0,8,12,11,10,4,2,2,0,0,0,0,0,0,True,0.0674653905325143,0.000907617635548,3.4488547160766707,3.452619216565377,3.44885471607666,3.452619216565381,True,True,True,True,True,True,,True,0.0892698796073427,0.000992903189349,3.434448154869504,3.479791366417718,3.4344481548695,3.4797913664177287,True,True,True,True,True,True,
258a743f782f8348,POD_energy,45,1061,0.0007762178110728,0.0019958777046235,13.778302431106567,False,,7.0,1e-12,1000.0,0.0,8,12,6,6,4,2,2,0,0,0,0,0,0,True,0.0673527624562806,0.0009395842638511,3.4668338498940763,3.4803615988436256,3.4668338498940727,3.480361598843629,True,True,True,True,True,True,,True,0.0749249184421345,0.0009975295624631,2.6085356461871214,5.240316365372703,2.608535646186745,5.240316365372706,False,False,False,False,True,False,
faef69ea56091b47,POD_energy,48,1061,0.0009490754992371,0.0045430637803209,15.562565326690674,True,,7.0,1e-12,1000.0,0.0,8,12,9,6,4,2,2,0,0,0,0,0,0,True,0.0756437597984456,0.0009377201139194,3.462309212136333,3.4802420080546064,3.4623092121363257,3.48024200805461,True,True,True,True,True,True,,True,0.0838328762478925,0.0009763171151246,3.4095056592030737,3.5520222336573326,3.40950565920307,3.55202223365734,True,True,True,True,True,True,
4b4f7cfdb4901e8b,POD_energy,59,1061,0.0005983663754323,0.002642095952407,22.83484148979187,True,,7.0,1e-12,1000.0,0.0,8,12,8,6,6,2,2,0,0,0,0,0,0,True,0.0435018015439919,0.0009093326560563,3.469136228040007,3.477848349702967,3.46913622804,3.477848349702981,True,True,True,True,True,True,,True,0.053724497571278,0.0009849935508996,3.440127568553063,3.532757775626532,3.4401275685530592,3.532757775626536,True,True,True,True,True,True,
